simpsons_faces/1774_lisa.jpg,3
simpsons_faces/365_bart.jpg,2
simpsons_faces/376_bart.jpg,2
simpsons_faces/847_homer.jpg,0
simpsons_faces/971_homer.jpg,0
simpsons_faces/207_bart.jpg,2
simpsons_faces/1799_lisa.jpg,3
simpsons_faces/1484_homer.jpg,0
simpsons_faces/1448_homer.jpg,0
simpsons_faces/19_bart.jpg,2
simpsons_faces/2293_marge.jpg,1
simpsons_faces/1028_homer.jpg,0
simpsons_faces/134_bart.jpg,2
simpsons_faces/247_bart.jpg,2
simpsons_faces/779_homer.jpg,0
simpsons_faces/1236_homer.jpg,0
simpsons_faces/1367_homer.jpg,0
simpsons_faces/1457_homer.jpg,0
simpsons_faces/2138_marge.jpg,1
simpsons_faces/2182_marge.jpg,1
simpsons_faces/1700_lisa.jpg,3
simpsons_faces/133_bart.jpg,2
simpsons_faces/1878_lisa.jpg,3
simpsons_faces/1488_homer.jpg,0
simpsons_faces/1852_lisa.jpg,3
simpsons_faces/986_homer.jpg,0
simpsons_faces/1587_homer.jpg,0
simpsons_faces/331_bart.jpg,2
simpsons_faces/1723_lisa.jpg,3
simpsons_faces/2089_marge.jpg,1
simpsons_faces/1506_homer.jpg,0
simpsons_faces/962_homer.jpg,0
simpsons_faces/415_bart.jpg,2
simpsons_faces/1301_homer.jpg,0
simpsons_faces/949_homer.jpg,0
simpsons_faces/2438_marge.jpg,1
simpsons_faces/313_bart.jpg,2
simpsons_faces/214_bart.jpg,2
simpsons_faces/1179_homer.jpg,0
simpsons_faces/1084_homer.jpg,0
simpsons_faces/1324_homer.jpg,0
simpsons_faces/468_bart.jpg,2
simpsons_faces/2151_marge.jpg,1
simpsons_faces/1873_lisa.jpg,3
simpsons_faces/1119_homer.jpg,0
simpsons_faces/1671_homer.jpg,0
simpsons_faces/650_homer.jpg,0
simpsons_faces/793_homer.jpg,0
simpsons_faces/423_bart.jpg,2
simpsons_faces/530_bart.jpg,2
simpsons_faces/1044_homer.jpg,0
simpsons_faces/2266_marge.jpg,1
simpsons_faces/1533_homer.jpg,0
simpsons_faces/103_bart.jpg,2
simpsons_faces/454_bart.jpg,2
simpsons_faces/453_bart.jpg,2
simpsons_faces/1537_homer.jpg,0
simpsons_faces/2448_marge.jpg,1
simpsons_faces/362_bart.jpg,2
simpsons_faces/2295_marge.jpg,1
simpsons_faces/837_homer.jpg,0
simpsons_faces/1478_homer.jpg,0
simpsons_faces/1946_lisa.jpg,3
simpsons_faces/1572_homer.jpg,0
simpsons_faces/661_homer.jpg,0
simpsons_faces/2464_marge.jpg,1
simpsons_faces/118_bart.jpg,2
simpsons_faces/757_homer.jpg,0
simpsons_faces/613_bart.jpg,2
simpsons_faces/1680_homer.jpg,0
simpsons_faces/2471_marge.jpg,1
simpsons_faces/983_homer.jpg,0
simpsons_faces/1992_lisa.jpg,3
simpsons_faces/2477_marge.jpg,1
simpsons_faces/83_bart.jpg,2
simpsons_faces/600_bart.jpg,2
simpsons_faces/2038_lisa.jpg,3
simpsons_faces/456_bart.jpg,2
simpsons_faces/1422_homer.jpg,0
simpsons_faces/1231_homer.jpg,0
simpsons_faces/809_homer.jpg,0
simpsons_faces/1203_homer.jpg,0
simpsons_faces/1923_lisa.jpg,3
simpsons_faces/568_bart.jpg,2
simpsons_faces/1174_homer.jpg,0
simpsons_faces/1093_homer.jpg,0
simpsons_faces/1558_homer.jpg,0
simpsons_faces/217_bart.jpg,2
simpsons_faces/657_homer.jpg,0
simpsons_faces/70_bart.jpg,2
simpsons_faces/1303_homer.jpg,0
simpsons_faces/1621_homer.jpg,0
simpsons_faces/1553_homer.jpg,0
simpsons_faces/1709_lisa.jpg,3
simpsons_faces/138_bart.jpg,2
simpsons_faces/1970_lisa.jpg,3
simpsons_faces/645_homer.jpg,0
simpsons_faces/1407_homer.jpg,0
simpsons_faces/938_homer.jpg,0
simpsons_faces/2154_marge.jpg,1
simpsons_faces/2096_marge.jpg,1
simpsons_faces/1467_homer.jpg,0
simpsons_faces/1479_homer.jpg,0
simpsons_faces/2252_marge.jpg,1
simpsons_faces/2004_lisa.jpg,3
simpsons_faces/280_bart.jpg,2
simpsons_faces/622_bart.jpg,2
simpsons_faces/512_bart.jpg,2
simpsons_faces/749_homer.jpg,0
simpsons_faces/2178_marge.jpg,1
simpsons_faces/1293_homer.jpg,0
simpsons_faces/730_homer.jpg,0
simpsons_faces/2075_marge.jpg,1
simpsons_faces/620_bart.jpg,2
simpsons_faces/1585_homer.jpg,0
simpsons_faces/23_bart.jpg,2
simpsons_faces/699_homer.jpg,0
simpsons_faces/1648_homer.jpg,0
simpsons_faces/2451_marge.jpg,1
simpsons_faces/2320_marge.jpg,1
simpsons_faces/320_bart.jpg,2
simpsons_faces/834_homer.jpg,0
simpsons_faces/589_bart.jpg,2
simpsons_faces/429_bart.jpg,2
simpsons_faces/935_homer.jpg,0
simpsons_faces/948_homer.jpg,0
simpsons_faces/769_homer.jpg,0
simpsons_faces/714_homer.jpg,0
simpsons_faces/1358_homer.jpg,0
simpsons_faces/533_bart.jpg,2
simpsons_faces/1181_homer.jpg,0
simpsons_faces/1986_lisa.jpg,3
simpsons_faces/1514_homer.jpg,0
simpsons_faces/692_homer.jpg,0
simpsons_faces/704_homer.jpg,0
simpsons_faces/554_bart.jpg,2
simpsons_faces/1848_lisa.jpg,3
simpsons_faces/1438_homer.jpg,0
simpsons_faces/1928_lisa.jpg,3
simpsons_faces/1748_lisa.jpg,3
simpsons_faces/1068_homer.jpg,0
simpsons_faces/445_bart.jpg,2
simpsons_faces/2257_marge.jpg,1
simpsons_faces/205_bart.jpg,2
simpsons_faces/1973_lisa.jpg,3
simpsons_faces/543_bart.jpg,2
simpsons_faces/528_bart.jpg,2
simpsons_faces/1904_lisa.jpg,3
simpsons_faces/195_bart.jpg,2
simpsons_faces/2147_marge.jpg,1
simpsons_faces/646_homer.jpg,0
simpsons_faces/1454_homer.jpg,0
simpsons_faces/557_bart.jpg,2
simpsons_faces/1223_homer.jpg,0
simpsons_faces/1238_homer.jpg,0
simpsons_faces/1051_homer.jpg,0
simpsons_faces/988_homer.jpg,0
simpsons_faces/1721_lisa.jpg,3
simpsons_faces/1012_homer.jpg,0
simpsons_faces/386_bart.jpg,2
simpsons_faces/1474_homer.jpg,0
simpsons_faces/2455_marge.jpg,1
simpsons_faces/2284_marge.jpg,1
simpsons_faces/2065_marge.jpg,1
simpsons_faces/1664_homer.jpg,0
simpsons_faces/1058_homer.jpg,0
simpsons_faces/1987_lisa.jpg,3
simpsons_faces/1035_homer.jpg,0
simpsons_faces/1431_homer.jpg,0
simpsons_faces/2436_marge.jpg,1
simpsons_faces/2484_marge.jpg,1
simpsons_faces/1795_lisa.jpg,3
simpsons_faces/1388_homer.jpg,0
simpsons_faces/1134_homer.jpg,0
simpsons_faces/1883_lisa.jpg,3
simpsons_faces/95_bart.jpg,2
simpsons_faces/734_homer.jpg,0
simpsons_faces/20_bart.jpg,2
simpsons_faces/1735_lisa.jpg,3
simpsons_faces/1186_homer.jpg,0
simpsons_faces/1670_homer.jpg,0
simpsons_faces/2483_marge.jpg,1
simpsons_faces/354_bart.jpg,2
simpsons_faces/822_homer.jpg,0
simpsons_faces/1040_homer.jpg,0
simpsons_faces/1480_homer.jpg,0
simpsons_faces/204_bart.jpg,2
simpsons_faces/1637_homer.jpg,0
simpsons_faces/438_bart.jpg,2
simpsons_faces/81_bart.jpg,2
simpsons_faces/545_bart.jpg,2
simpsons_faces/2418_marge.jpg,1
simpsons_faces/1112_homer.jpg,0
simpsons_faces/2206_marge.jpg,1
simpsons_faces/1282_homer.jpg,0
simpsons_faces/2259_marge.jpg,1
simpsons_faces/140_bart.jpg,2
simpsons_faces/990_homer.jpg,0
simpsons_faces/1086_homer.jpg,0
simpsons_faces/859_homer.jpg,0
simpsons_faces/241_bart.jpg,2
simpsons_faces/1936_lisa.jpg,3
simpsons_faces/514_bart.jpg,2
simpsons_faces/1941_lisa.jpg,3
simpsons_faces/1896_lisa.jpg,3
simpsons_faces/1409_homer.jpg,0
simpsons_faces/815_homer.jpg,0
simpsons_faces/2277_marge.jpg,1
simpsons_faces/799_homer.jpg,0
simpsons_faces/2435_marge.jpg,1
simpsons_faces/843_homer.jpg,0
simpsons_faces/2015_lisa.jpg,3
simpsons_faces/565_bart.jpg,2
simpsons_faces/1789_lisa.jpg,3
simpsons_faces/455_bart.jpg,2
simpsons_faces/1031_homer.jpg,0
simpsons_faces/2040_lisa.jpg,3
simpsons_faces/803_homer.jpg,0
simpsons_faces/1884_lisa.jpg,3
simpsons_faces/1859_lisa.jpg,3
simpsons_faces/1830_lisa.jpg,3
simpsons_faces/921_homer.jpg,0
simpsons_faces/1359_homer.jpg,0
simpsons_faces/823_homer.jpg,0
simpsons_faces/869_homer.jpg,0
simpsons_faces/643_bart.jpg,2
simpsons_faces/1812_lisa.jpg,3
simpsons_faces/1711_lisa.jpg,3
simpsons_faces/1906_lisa.jpg,3
simpsons_faces/2279_marge.jpg,1
simpsons_faces/1022_homer.jpg,0
simpsons_faces/1914_lisa.jpg,3
simpsons_faces/1663_homer.jpg,0
simpsons_faces/1085_homer.jpg,0
simpsons_faces/1997_lisa.jpg,3
simpsons_faces/1569_homer.jpg,0
simpsons_faces/371_bart.jpg,2
simpsons_faces/2155_marge.jpg,1
simpsons_faces/2081_marge.jpg,1
simpsons_faces/1649_homer.jpg,0
simpsons_faces/1722_lisa.jpg,3
simpsons_faces/1400_homer.jpg,0
simpsons_faces/671_homer.jpg,0
simpsons_faces/1197_homer.jpg,0
simpsons_faces/818_homer.jpg,0
simpsons_faces/2216_marge.jpg,1
simpsons_faces/2362_marge.jpg,1
simpsons_faces/1351_homer.jpg,0
simpsons_faces/1534_homer.jpg,0
simpsons_faces/2449_marge.jpg,1
simpsons_faces/2392_marge.jpg,1
simpsons_faces/42_bart.jpg,2
simpsons_faces/2282_marge.jpg,1
simpsons_faces/1660_homer.jpg,0
simpsons_faces/485_bart.jpg,2
simpsons_faces/179_bart.jpg,2
simpsons_faces/1718_lisa.jpg,3
simpsons_faces/403_bart.jpg,2
simpsons_faces/1962_lisa.jpg,3
simpsons_faces/1981_lisa.jpg,3
simpsons_faces/1200_homer.jpg,0
simpsons_faces/1730_lisa.jpg,3
simpsons_faces/1949_lisa.jpg,3
simpsons_faces/744_homer.jpg,0
simpsons_faces/1059_homer.jpg,0
simpsons_faces/1097_homer.jpg,0
simpsons_faces/857_homer.jpg,0
simpsons_faces/1054_homer.jpg,0
simpsons_faces/717_homer.jpg,0
simpsons_faces/824_homer.jpg,0
simpsons_faces/2033_lisa.jpg,3
simpsons_faces/1428_homer.jpg,0
simpsons_faces/954_homer.jpg,0
simpsons_faces/2179_marge.jpg,1
simpsons_faces/1159_homer.jpg,0
simpsons_faces/384_bart.jpg,2
simpsons_faces/1285_homer.jpg,0
simpsons_faces/315_bart.jpg,2
simpsons_faces/1706_lisa.jpg,3
simpsons_faces/2364_marge.jpg,1
simpsons_faces/1811_lisa.jpg,3
simpsons_faces/432_bart.jpg,2
simpsons_faces/975_homer.jpg,0
simpsons_faces/1209_homer.jpg,0
simpsons_faces/226_bart.jpg,2
simpsons_faces/1933_lisa.jpg,3
simpsons_faces/659_homer.jpg,0
simpsons_faces/1216_homer.jpg,0
simpsons_faces/272_bart.jpg,2
simpsons_faces/1010_homer.jpg,0
simpsons_faces/1765_lisa.jpg,3
simpsons_faces/503_bart.jpg,2
simpsons_faces/1451_homer.jpg,0
simpsons_faces/961_homer.jpg,0
simpsons_faces/1595_homer.jpg,0
simpsons_faces/2215_marge.jpg,1
simpsons_faces/2207_marge.jpg,1
simpsons_faces/382_bart.jpg,2
simpsons_faces/462_bart.jpg,2
simpsons_faces/1577_homer.jpg,0
simpsons_faces/222_bart.jpg,2
simpsons_faces/488_bart.jpg,2
simpsons_faces/158_bart.jpg,2
simpsons_faces/1697_lisa.jpg,3
simpsons_faces/2204_marge.jpg,1
simpsons_faces/1863_lisa.jpg,3
simpsons_faces/1313_homer.jpg,0
simpsons_faces/855_homer.jpg,0
simpsons_faces/2416_marge.jpg,1
simpsons_faces/1921_lisa.jpg,3
simpsons_faces/487_bart.jpg,2
simpsons_faces/1268_homer.jpg,0
simpsons_faces/1257_homer.jpg,0
simpsons_faces/236_bart.jpg,2
simpsons_faces/395_bart.jpg,2
simpsons_faces/925_homer.jpg,0
simpsons_faces/439_bart.jpg,2
simpsons_faces/203_bart.jpg,2
simpsons_faces/585_bart.jpg,2
simpsons_faces/419_bart.jpg,2
simpsons_faces/2191_marge.jpg,1
simpsons_faces/2078_marge.jpg,1
simpsons_faces/2073_marge.jpg,1
simpsons_faces/1889_lisa.jpg,3
simpsons_faces/1092_homer.jpg,0
simpsons_faces/2383_marge.jpg,1
simpsons_faces/1353_homer.jpg,0
simpsons_faces/702_homer.jpg,0
simpsons_faces/1198_homer.jpg,0
simpsons_faces/573_bart.jpg,2
simpsons_faces/66_bart.jpg,2
simpsons_faces/1262_homer.jpg,0
simpsons_faces/1538_homer.jpg,0
simpsons_faces/1222_homer.jpg,0
simpsons_faces/2188_marge.jpg,1
simpsons_faces/209_bart.jpg,2
simpsons_faces/771_homer.jpg,0
simpsons_faces/1315_homer.jpg,0
simpsons_faces/2173_marge.jpg,1
simpsons_faces/1245_homer.jpg,0
simpsons_faces/476_bart.jpg,2
simpsons_faces/1781_lisa.jpg,3
simpsons_faces/2103_marge.jpg,1
simpsons_faces/2133_marge.jpg,1
simpsons_faces/174_bart.jpg,2
simpsons_faces/1062_homer.jpg,0
simpsons_faces/1682_homer.jpg,0
simpsons_faces/1349_homer.jpg,0
simpsons_faces/916_homer.jpg,0
simpsons_faces/2326_marge.jpg,1
simpsons_faces/934_homer.jpg,0
simpsons_faces/889_homer.jpg,0
simpsons_faces/584_bart.jpg,2
simpsons_faces/1382_homer.jpg,0
simpsons_faces/144_bart.jpg,2
simpsons_faces/24_bart.jpg,2
simpsons_faces/62_bart.jpg,2
simpsons_faces/783_homer.jpg,0
simpsons_faces/370_bart.jpg,2
simpsons_faces/180_bart.jpg,2
simpsons_faces/2401_marge.jpg,1
simpsons_faces/100_bart.jpg,2
simpsons_faces/275_bart.jpg,2
simpsons_faces/13_bart.jpg,2
simpsons_faces/2036_lisa.jpg,3
simpsons_faces/586_bart.jpg,2
simpsons_faces/1052_homer.jpg,0
simpsons_faces/471_bart.jpg,2
simpsons_faces/1954_lisa.jpg,3
simpsons_faces/1477_homer.jpg,0
simpsons_faces/872_homer.jpg,0
simpsons_faces/2391_marge.jpg,1
simpsons_faces/1155_homer.jpg,0
simpsons_faces/1780_lisa.jpg,3
simpsons_faces/61_bart.jpg,2
simpsons_faces/1763_lisa.jpg,3
simpsons_faces/1943_lisa.jpg,3
simpsons_faces/1356_homer.jpg,0
simpsons_faces/1246_homer.jpg,0
simpsons_faces/1959_lisa.jpg,3
simpsons_faces/47_bart.jpg,2
simpsons_faces/273_bart.jpg,2
simpsons_faces/1266_homer.jpg,0
simpsons_faces/507_bart.jpg,2
simpsons_faces/1925_lisa.jpg,3
simpsons_faces/782_homer.jpg,0
simpsons_faces/2428_marge.jpg,1
simpsons_faces/1208_homer.jpg,0
simpsons_faces/950_homer.jpg,0
simpsons_faces/1753_lisa.jpg,3
simpsons_faces/1725_lisa.jpg,3
simpsons_faces/126_bart.jpg,2
simpsons_faces/173_bart.jpg,2
simpsons_faces/1642_homer.jpg,0
simpsons_faces/735_homer.jpg,0
simpsons_faces/1244_homer.jpg,0
simpsons_faces/1002_homer.jpg,0
simpsons_faces/2237_marge.jpg,1
simpsons_faces/1458_homer.jpg,0
simpsons_faces/130_bart.jpg,2
simpsons_faces/17_bart.jpg,2
simpsons_faces/72_bart.jpg,2
simpsons_faces/2019_lisa.jpg,3
simpsons_faces/254_bart.jpg,2
simpsons_faces/472_bart.jpg,2
simpsons_faces/1169_homer.jpg,0
simpsons_faces/1805_lisa.jpg,3
simpsons_faces/762_homer.jpg,0
simpsons_faces/1170_homer.jpg,0
simpsons_faces/1864_lisa.jpg,3
simpsons_faces/420_bart.jpg,2
simpsons_faces/1732_lisa.jpg,3
simpsons_faces/283_bart.jpg,2
simpsons_faces/1017_homer.jpg,0
simpsons_faces/258_bart.jpg,2
simpsons_faces/603_bart.jpg,2
simpsons_faces/2335_marge.jpg,1
simpsons_faces/12_bart.jpg,2
simpsons_faces/234_bart.jpg,2
simpsons_faces/1123_homer.jpg,0
simpsons_faces/279_bart.jpg,2
simpsons_faces/1771_lisa.jpg,3
simpsons_faces/1777_lisa.jpg,3
simpsons_faces/1071_homer.jpg,0
simpsons_faces/249_bart.jpg,2
simpsons_faces/2189_marge.jpg,1
simpsons_faces/865_homer.jpg,0
simpsons_faces/1076_homer.jpg,0
simpsons_faces/997_homer.jpg,0
simpsons_faces/1057_homer.jpg,0
simpsons_faces/411_bart.jpg,2
simpsons_faces/1377_homer.jpg,0
simpsons_faces/850_homer.jpg,0
simpsons_faces/467_bart.jpg,2
simpsons_faces/326_bart.jpg,2
simpsons_faces/2323_marge.jpg,1
simpsons_faces/1525_homer.jpg,0
simpsons_faces/791_homer.jpg,0
simpsons_faces/2406_marge.jpg,1
simpsons_faces/1158_homer.jpg,0
simpsons_faces/1214_homer.jpg,0
simpsons_faces/116_bart.jpg,2
simpsons_faces/2270_marge.jpg,1
simpsons_faces/1013_homer.jpg,0
simpsons_faces/1193_homer.jpg,0
simpsons_faces/564_bart.jpg,2
simpsons_faces/1622_homer.jpg,0
simpsons_faces/1104_homer.jpg,0
simpsons_faces/1980_lisa.jpg,3
simpsons_faces/1704_lisa.jpg,3
simpsons_faces/2307_marge.jpg,1
simpsons_faces/2304_marge.jpg,1
simpsons_faces/1692_lisa.jpg,3
simpsons_faces/2126_marge.jpg,1
simpsons_faces/2047_marge.jpg,1
simpsons_faces/2359_marge.jpg,1
simpsons_faces/2271_marge.jpg,1
simpsons_faces/694_homer.jpg,0
simpsons_faces/1063_homer.jpg,0
simpsons_faces/2024_lisa.jpg,3
simpsons_faces/1869_lisa.jpg,3
simpsons_faces/607_bart.jpg,2
simpsons_faces/2220_marge.jpg,1
simpsons_faces/2357_marge.jpg,1
simpsons_faces/163_bart.jpg,2
simpsons_faces/1576_homer.jpg,0
simpsons_faces/2051_marge.jpg,1
simpsons_faces/1252_homer.jpg,0
simpsons_faces/131_bart.jpg,2
simpsons_faces/2283_marge.jpg,1
simpsons_faces/129_bart.jpg,2
simpsons_faces/2017_lisa.jpg,3
simpsons_faces/2145_marge.jpg,1
simpsons_faces/2275_marge.jpg,1
simpsons_faces/291_bart.jpg,2
simpsons_faces/1741_lisa.jpg,3
simpsons_faces/2097_marge.jpg,1
simpsons_faces/2462_marge.jpg,1
simpsons_faces/82_bart.jpg,2
simpsons_faces/648_homer.jpg,0
simpsons_faces/1917_lisa.jpg,3
simpsons_faces/562_bart.jpg,2
simpsons_faces/1156_homer.jpg,0
simpsons_faces/1924_lisa.jpg,3
simpsons_faces/549_bart.jpg,2
simpsons_faces/1591_homer.jpg,0
simpsons_faces/447_bart.jpg,2
simpsons_faces/2042_lisa.jpg,3
simpsons_faces/2217_marge.jpg,1
simpsons_faces/277_bart.jpg,2
simpsons_faces/1875_lisa.jpg,3
simpsons_faces/1023_homer.jpg,0
simpsons_faces/1339_homer.jpg,0
simpsons_faces/1634_homer.jpg,0
simpsons_faces/539_bart.jpg,2
simpsons_faces/2143_marge.jpg,1
simpsons_faces/1162_homer.jpg,0
simpsons_faces/1561_homer.jpg,0
simpsons_faces/981_homer.jpg,0
simpsons_faces/2029_lisa.jpg,3
simpsons_faces/1772_lisa.jpg,3
simpsons_faces/588_bart.jpg,2
simpsons_faces/434_bart.jpg,2
simpsons_faces/2365_marge.jpg,1
simpsons_faces/1240_homer.jpg,0
simpsons_faces/1818_lisa.jpg,3
simpsons_faces/51_bart.jpg,2
simpsons_faces/15_bart.jpg,2
simpsons_faces/1816_lisa.jpg,3
simpsons_faces/611_bart.jpg,2
simpsons_faces/2434_marge.jpg,1
simpsons_faces/1669_homer.jpg,0
simpsons_faces/2446_marge.jpg,1
simpsons_faces/532_bart.jpg,2
simpsons_faces/2105_marge.jpg,1
simpsons_faces/905_homer.jpg,0
simpsons_faces/1606_homer.jpg,0
simpsons_faces/2463_marge.jpg,1
simpsons_faces/352_bart.jpg,2
simpsons_faces/2330_marge.jpg,1
simpsons_faces/1163_homer.jpg,0
simpsons_faces/561_bart.jpg,2
simpsons_faces/425_bart.jpg,2
simpsons_faces/1668_homer.jpg,0
simpsons_faces/1791_lisa.jpg,3
simpsons_faces/1742_lisa.jpg,3
simpsons_faces/2400_marge.jpg,1
simpsons_faces/2148_marge.jpg,1
simpsons_faces/1317_homer.jpg,0
simpsons_faces/2027_lisa.jpg,3
simpsons_faces/2345_marge.jpg,1
simpsons_faces/2409_marge.jpg,1
simpsons_faces/2239_marge.jpg,1
simpsons_faces/430_bart.jpg,2
simpsons_faces/56_bart.jpg,2
simpsons_faces/1281_homer.jpg,0
simpsons_faces/178_bart.jpg,2
simpsons_faces/1306_homer.jpg,0
simpsons_faces/542_bart.jpg,2
simpsons_faces/517_bart.jpg,2
simpsons_faces/709_homer.jpg,0
simpsons_faces/1603_homer.jpg,0
simpsons_faces/2408_marge.jpg,1
simpsons_faces/465_bart.jpg,2
simpsons_faces/1171_homer.jpg,0
simpsons_faces/262_bart.jpg,2
simpsons_faces/1846_lisa.jpg,3
simpsons_faces/2120_marge.jpg,1
simpsons_faces/2062_marge.jpg,1
simpsons_faces/2329_marge.jpg,1
simpsons_faces/1821_lisa.jpg,3
simpsons_faces/1583_homer.jpg,0
simpsons_faces/1083_homer.jpg,0
simpsons_faces/599_bart.jpg,2
simpsons_faces/1424_homer.jpg,0
simpsons_faces/378_bart.jpg,2
simpsons_faces/99_bart.jpg,2
simpsons_faces/2474_marge.jpg,1
simpsons_faces/1005_homer.jpg,0
simpsons_faces/1861_lisa.jpg,3
simpsons_faces/2487_marge.jpg,1
simpsons_faces/308_bart.jpg,2
simpsons_faces/732_homer.jpg,0
simpsons_faces/1815_lisa.jpg,3
simpsons_faces/1876_lisa.jpg,3
simpsons_faces/825_homer.jpg,0
simpsons_faces/111_bart.jpg,2
simpsons_faces/569_bart.jpg,2
simpsons_faces/290_bart.jpg,2
simpsons_faces/215_bart.jpg,2
simpsons_faces/2048_marge.jpg,1
simpsons_faces/1872_lisa.jpg,3
simpsons_faces/2125_marge.jpg,1
simpsons_faces/2254_marge.jpg,1
simpsons_faces/2225_marge.jpg,1
simpsons_faces/906_homer.jpg,0
simpsons_faces/2001_lisa.jpg,3
simpsons_faces/1597_homer.jpg,0
simpsons_faces/2452_marge.jpg,1
simpsons_faces/2114_marge.jpg,1
simpsons_faces/936_homer.jpg,0
simpsons_faces/638_bart.jpg,2
simpsons_faces/1599_homer.jpg,0
simpsons_faces/642_bart.jpg,2
simpsons_faces/123_bart.jpg,2
simpsons_faces/184_bart.jpg,2
simpsons_faces/2169_marge.jpg,1
simpsons_faces/953_homer.jpg,0
simpsons_faces/2090_marge.jpg,1
simpsons_faces/2082_marge.jpg,1
simpsons_faces/322_bart.jpg,2
simpsons_faces/2350_marge.jpg,1
simpsons_faces/819_homer.jpg,0
simpsons_faces/525_bart.jpg,2
simpsons_faces/1674_homer.jpg,0
simpsons_faces/1310_homer.jpg,0
simpsons_faces/1744_lisa.jpg,3
simpsons_faces/754_homer.jpg,0
simpsons_faces/2327_marge.jpg,1
simpsons_faces/2023_lisa.jpg,3
simpsons_faces/2456_marge.jpg,1
simpsons_faces/973_homer.jpg,0
simpsons_faces/122_bart.jpg,2
simpsons_faces/940_homer.jpg,0
simpsons_faces/115_bart.jpg,2
simpsons_faces/1188_homer.jpg,0
simpsons_faces/1395_homer.jpg,0
simpsons_faces/1582_homer.jpg,0
simpsons_faces/1210_homer.jpg,0
simpsons_faces/1631_homer.jpg,0
simpsons_faces/142_bart.jpg,2
simpsons_faces/409_bart.jpg,2
simpsons_faces/2415_marge.jpg,1
simpsons_faces/1131_homer.jpg,0
simpsons_faces/1297_homer.jpg,0
simpsons_faces/2209_marge.jpg,1
simpsons_faces/1399_homer.jpg,0
simpsons_faces/768_homer.jpg,0
simpsons_faces/244_bart.jpg,2
simpsons_faces/1764_lisa.jpg,3
simpsons_faces/667_homer.jpg,0
simpsons_faces/781_homer.jpg,0
simpsons_faces/664_homer.jpg,0
simpsons_faces/1182_homer.jpg,0
simpsons_faces/979_homer.jpg,0
simpsons_faces/520_bart.jpg,2
simpsons_faces/2467_marge.jpg,1
simpsons_faces/94_bart.jpg,2
simpsons_faces/1114_homer.jpg,0
simpsons_faces/2018_lisa.jpg,3
simpsons_faces/1436_homer.jpg,0
simpsons_faces/1378_homer.jpg,0
simpsons_faces/1731_lisa.jpg,3
simpsons_faces/1415_homer.jpg,0
simpsons_faces/2187_marge.jpg,1
simpsons_faces/1548_homer.jpg,0
simpsons_faces/269_bart.jpg,2
simpsons_faces/238_bart.jpg,2
simpsons_faces/1567_homer.jpg,0
simpsons_faces/239_bart.jpg,2
simpsons_faces/1703_lisa.jpg,3
simpsons_faces/2454_marge.jpg,1
simpsons_faces/2343_marge.jpg,1
simpsons_faces/436_bart.jpg,2
simpsons_faces/1866_lisa.jpg,3
simpsons_faces/1898_lisa.jpg,3
simpsons_faces/681_homer.jpg,0
simpsons_faces/1757_lisa.jpg,3
simpsons_faces/1405_homer.jpg,0
simpsons_faces/964_homer.jpg,0
simpsons_faces/1237_homer.jpg,0
simpsons_faces/2164_marge.jpg,1
simpsons_faces/1225_homer.jpg,0
simpsons_faces/880_homer.jpg,0
simpsons_faces/435_bart.jpg,2
simpsons_faces/2431_marge.jpg,1
simpsons_faces/1374_homer.jpg,0
simpsons_faces/541_bart.jpg,2
simpsons_faces/482_bart.jpg,2
simpsons_faces/300_bart.jpg,2
simpsons_faces/1173_homer.jpg,0
simpsons_faces/521_bart.jpg,2
simpsons_faces/731_homer.jpg,0
simpsons_faces/2340_marge.jpg,1
simpsons_faces/2_bart.jpg,2
simpsons_faces/1540_homer.jpg,0
simpsons_faces/835_homer.jpg,0
simpsons_faces/1150_homer.jpg,0
simpsons_faces/2411_marge.jpg,1
simpsons_faces/1910_lisa.jpg,3
simpsons_faces/2028_lisa.jpg,3
simpsons_faces/25_bart.jpg,2
simpsons_faces/518_bart.jpg,2
simpsons_faces/2412_marge.jpg,1
simpsons_faces/1101_homer.jpg,0
simpsons_faces/231_bart.jpg,2
simpsons_faces/1687_lisa.jpg,3
simpsons_faces/2115_marge.jpg,1
simpsons_faces/665_homer.jpg,0
simpsons_faces/2355_marge.jpg,1
simpsons_faces/939_homer.jpg,0
simpsons_faces/578_bart.jpg,2
simpsons_faces/1931_lisa.jpg,3
simpsons_faces/1425_homer.jpg,0
simpsons_faces/470_bart.jpg,2
simpsons_faces/305_bart.jpg,2
simpsons_faces/2221_marge.jpg,1
simpsons_faces/216_bart.jpg,2
simpsons_faces/302_bart.jpg,2
simpsons_faces/1492_homer.jpg,0
simpsons_faces/2223_marge.jpg,1
simpsons_faces/1230_homer.jpg,0
simpsons_faces/724_homer.jpg,0
simpsons_faces/379_bart.jpg,2
simpsons_faces/266_bart.jpg,2
simpsons_faces/1691_lisa.jpg,3
simpsons_faces/1429_homer.jpg,0
simpsons_faces/1826_lisa.jpg,3
simpsons_faces/1646_homer.jpg,0
simpsons_faces/550_bart.jpg,2
simpsons_faces/1333_homer.jpg,0
simpsons_faces/1167_homer.jpg,0
simpsons_faces/1743_lisa.jpg,3
simpsons_faces/862_homer.jpg,0
simpsons_faces/1809_lisa.jpg,3
simpsons_faces/1453_homer.jpg,0
simpsons_faces/519_bart.jpg,2
simpsons_faces/2445_marge.jpg,1
simpsons_faces/2172_marge.jpg,1
simpsons_faces/2214_marge.jpg,1
simpsons_faces/653_homer.jpg,0
simpsons_faces/635_bart.jpg,2
simpsons_faces/287_bart.jpg,2
simpsons_faces/2407_marge.jpg,1
simpsons_faces/58_bart.jpg,2
simpsons_faces/363_bart.jpg,2
simpsons_faces/2353_marge.jpg,1
simpsons_faces/1148_homer.jpg,0
simpsons_faces/2057_marge.jpg,1
simpsons_faces/1825_lisa.jpg,3
simpsons_faces/1887_lisa.jpg,3
simpsons_faces/1762_lisa.jpg,3
simpsons_faces/96_bart.jpg,2
simpsons_faces/1796_lisa.jpg,3
simpsons_faces/1446_homer.jpg,0
simpsons_faces/1219_homer.jpg,0
simpsons_faces/458_bart.jpg,2
simpsons_faces/1544_homer.jpg,0
simpsons_faces/1411_homer.jpg,0
simpsons_faces/1626_homer.jpg,0
simpsons_faces/2402_marge.jpg,1
simpsons_faces/1679_homer.jpg,0
simpsons_faces/170_bart.jpg,2
simpsons_faces/1851_lisa.jpg,3
simpsons_faces/2088_marge.jpg,1
simpsons_faces/886_homer.jpg,0
simpsons_faces/2123_marge.jpg,1
simpsons_faces/626_bart.jpg,2
simpsons_faces/2030_lisa.jpg,3
simpsons_faces/74_bart.jpg,2
simpsons_faces/166_bart.jpg,2
simpsons_faces/868_homer.jpg,0
simpsons_faces/210_bart.jpg,2
simpsons_faces/1053_homer.jpg,0
simpsons_faces/1145_homer.jpg,0
simpsons_faces/2193_marge.jpg,1
simpsons_faces/317_bart.jpg,2
simpsons_faces/1608_homer.jpg,0
simpsons_faces/1716_lisa.jpg,3
simpsons_faces/2211_marge.jpg,1
simpsons_faces/1838_lisa.jpg,3
simpsons_faces/1305_homer.jpg,0
simpsons_faces/1412_homer.jpg,0
simpsons_faces/1065_homer.jpg,0
simpsons_faces/993_homer.jpg,0
simpsons_faces/1543_homer.jpg,0
simpsons_faces/811_homer.jpg,0
simpsons_faces/28_bart.jpg,2
simpsons_faces/1677_homer.jpg,0
simpsons_faces/1984_lisa.jpg,3
simpsons_faces/1465_homer.jpg,0
simpsons_faces/695_homer.jpg,0
simpsons_faces/193_bart.jpg,2
simpsons_faces/1008_homer.jpg,0
simpsons_faces/48_bart.jpg,2
simpsons_faces/2106_marge.jpg,1
simpsons_faces/844_homer.jpg,0
simpsons_faces/1521_homer.jpg,0
simpsons_faces/164_bart.jpg,2
simpsons_faces/506_bart.jpg,2
simpsons_faces/666_homer.jpg,0
simpsons_faces/417_bart.jpg,2
simpsons_faces/2074_marge.jpg,1
simpsons_faces/1129_homer.jpg,0
simpsons_faces/381_bart.jpg,2
simpsons_faces/1756_lisa.jpg,3
simpsons_faces/2002_lisa.jpg,3
simpsons_faces/1856_lisa.jpg,3
simpsons_faces/1277_homer.jpg,0
simpsons_faces/1667_homer.jpg,0
simpsons_faces/1375_homer.jpg,0
simpsons_faces/108_bart.jpg,2
simpsons_faces/211_bart.jpg,2
simpsons_faces/1354_homer.jpg,0
simpsons_faces/474_bart.jpg,2
simpsons_faces/2058_marge.jpg,1
simpsons_faces/1072_homer.jpg,0
simpsons_faces/2201_marge.jpg,1
simpsons_faces/1598_homer.jpg,0
simpsons_faces/1775_lisa.jpg,3
simpsons_faces/1211_homer.jpg,0
simpsons_faces/1468_homer.jpg,0
simpsons_faces/2226_marge.jpg,1
simpsons_faces/1517_homer.jpg,0
simpsons_faces/1312_homer.jpg,0
simpsons_faces/2281_marge.jpg,1
simpsons_faces/766_homer.jpg,0
simpsons_faces/1782_lisa.jpg,3
simpsons_faces/297_bart.jpg,2
simpsons_faces/182_bart.jpg,2
simpsons_faces/1373_homer.jpg,0
simpsons_faces/1901_lisa.jpg,3
simpsons_faces/1215_homer.jpg,0
simpsons_faces/2315_marge.jpg,1
simpsons_faces/1466_homer.jpg,0
simpsons_faces/701_homer.jpg,0
simpsons_faces/341_bart.jpg,2
simpsons_faces/29_bart.jpg,2
simpsons_faces/1932_lisa.jpg,3
simpsons_faces/922_homer.jpg,0
simpsons_faces/1250_homer.jpg,0
simpsons_faces/1607_homer.jpg,0
simpsons_faces/2251_marge.jpg,1
simpsons_faces/223_bart.jpg,2
simpsons_faces/2022_lisa.jpg,3
simpsons_faces/481_bart.jpg,2
simpsons_faces/1042_homer.jpg,0
simpsons_faces/581_bart.jpg,2
simpsons_faces/875_homer.jpg,0
simpsons_faces/1098_homer.jpg,0
simpsons_faces/2331_marge.jpg,1
simpsons_faces/380_bart.jpg,2
simpsons_faces/1164_homer.jpg,0
simpsons_faces/1342_homer.jpg,0
simpsons_faces/504_bart.jpg,2
simpsons_faces/375_bart.jpg,2
simpsons_faces/1565_homer.jpg,0
simpsons_faces/1039_homer.jpg,0
simpsons_faces/44_bart.jpg,2
simpsons_faces/761_homer.jpg,0
simpsons_faces/1820_lisa.jpg,3
simpsons_faces/1519_homer.jpg,0
simpsons_faces/1494_homer.jpg,0
simpsons_faces/1212_homer.jpg,0
simpsons_faces/801_homer.jpg,0
simpsons_faces/410_bart.jpg,2
simpsons_faces/1912_lisa.jpg,3
simpsons_faces/1581_homer.jpg,0
simpsons_faces/1481_homer.jpg,0
simpsons_faces/1404_homer.jpg,0
simpsons_faces/1482_homer.jpg,0
simpsons_faces/2344_marge.jpg,1
simpsons_faces/536_bart.jpg,2
simpsons_faces/1676_homer.jpg,0
simpsons_faces/2242_marge.jpg,1
simpsons_faces/1318_homer.jpg,0
simpsons_faces/132_bart.jpg,2
simpsons_faces/1381_homer.jpg,0
simpsons_faces/813_homer.jpg,0
simpsons_faces/1302_homer.jpg,0
simpsons_faces/486_bart.jpg,2
simpsons_faces/698_homer.jpg,0
simpsons_faces/2055_marge.jpg,1
simpsons_faces/1276_homer.jpg,0
simpsons_faces/1696_lisa.jpg,3
simpsons_faces/2289_marge.jpg,1
simpsons_faces/529_bart.jpg,2
simpsons_faces/1447_homer.jpg,0
simpsons_faces/1570_homer.jpg,0
simpsons_faces/574_bart.jpg,2
simpsons_faces/1927_lisa.jpg,3
simpsons_faces/559_bart.jpg,2
simpsons_faces/1611_homer.jpg,0
simpsons_faces/1857_lisa.jpg,3
simpsons_faces/804_homer.jpg,0
simpsons_faces/654_homer.jpg,0
simpsons_faces/1106_homer.jpg,0
simpsons_faces/463_bart.jpg,2
simpsons_faces/2195_marge.jpg,1
simpsons_faces/1217_homer.jpg,0
simpsons_faces/1437_homer.jpg,0
simpsons_faces/1018_homer.jpg,0
simpsons_faces/2476_marge.jpg,1
simpsons_faces/2394_marge.jpg,1
simpsons_faces/1860_lisa.jpg,3
simpsons_faces/1228_homer.jpg,0
simpsons_faces/1810_lisa.jpg,3
simpsons_faces/551_bart.jpg,2
simpsons_faces/284_bart.jpg,2
simpsons_faces/516_bart.jpg,2
simpsons_faces/927_homer.jpg,0
simpsons_faces/33_bart.jpg,2
simpsons_faces/2306_marge.jpg,1
simpsons_faces/870_homer.jpg,0
simpsons_faces/904_homer.jpg,0
simpsons_faces/73_bart.jpg,2
simpsons_faces/705_homer.jpg,0
simpsons_faces/2093_marge.jpg,1
simpsons_faces/2228_marge.jpg,1
simpsons_faces/2309_marge.jpg,1
simpsons_faces/1205_homer.jpg,0
simpsons_faces/171_bart.jpg,2
simpsons_faces/2366_marge.jpg,1
simpsons_faces/2203_marge.jpg,1
simpsons_faces/2423_marge.jpg,1
simpsons_faces/2066_marge.jpg,1
simpsons_faces/1298_homer.jpg,0
simpsons_faces/227_bart.jpg,2
simpsons_faces/1968_lisa.jpg,3
simpsons_faces/1922_lisa.jpg,3
simpsons_faces/1370_homer.jpg,0
simpsons_faces/1343_homer.jpg,0
simpsons_faces/604_bart.jpg,2
simpsons_faces/2234_marge.jpg,1
simpsons_faces/1384_homer.jpg,0
simpsons_faces/1531_homer.jpg,0
simpsons_faces/1504_homer.jpg,0
simpsons_faces/1229_homer.jpg,0
simpsons_faces/54_bart.jpg,2
simpsons_faces/1132_homer.jpg,0
simpsons_faces/1067_homer.jpg,0
simpsons_faces/85_bart.jpg,2
simpsons_faces/1766_lisa.jpg,3
simpsons_faces/176_bart.jpg,2
simpsons_faces/1823_lisa.jpg,3
simpsons_faces/137_bart.jpg,2
simpsons_faces/888_homer.jpg,0
simpsons_faces/978_homer.jpg,0
simpsons_faces/175_bart.jpg,2
simpsons_faces/2137_marge.jpg,1
simpsons_faces/2264_marge.jpg,1
simpsons_faces/1414_homer.jpg,0
simpsons_faces/443_bart.jpg,2
simpsons_faces/2253_marge.jpg,1
simpsons_faces/614_bart.jpg,2
simpsons_faces/1726_lisa.jpg,3
simpsons_faces/1829_lisa.jpg,3
simpsons_faces/1911_lisa.jpg,3
simpsons_faces/1397_homer.jpg,0
simpsons_faces/2095_marge.jpg,1
simpsons_faces/1620_homer.jpg,0
simpsons_faces/1288_homer.jpg,0
simpsons_faces/187_bart.jpg,2
simpsons_faces/1566_homer.jpg,0
simpsons_faces/416_bart.jpg,2
simpsons_faces/97_bart.jpg,2
simpsons_faces/897_homer.jpg,0
simpsons_faces/741_homer.jpg,0
simpsons_faces/1905_lisa.jpg,3
simpsons_faces/441_bart.jpg,2
simpsons_faces/314_bart.jpg,2
simpsons_faces/1592_homer.jpg,0
simpsons_faces/2261_marge.jpg,1
simpsons_faces/1406_homer.jpg,0
simpsons_faces/1452_homer.jpg,0
simpsons_faces/2325_marge.jpg,1
simpsons_faces/1220_homer.jpg,0
simpsons_faces/1248_homer.jpg,0
simpsons_faces/677_homer.jpg,0
simpsons_faces/1082_homer.jpg,0
simpsons_faces/1289_homer.jpg,0
simpsons_faces/2222_marge.jpg,1
simpsons_faces/965_homer.jpg,0
simpsons_faces/567_bart.jpg,2
simpsons_faces/1956_lisa.jpg,3
simpsons_faces/1698_lisa.jpg,3
simpsons_faces/1867_lisa.jpg,3
simpsons_faces/152_bart.jpg,2
simpsons_faces/36_bart.jpg,2
simpsons_faces/41_bart.jpg,2
simpsons_faces/466_bart.jpg,2
simpsons_faces/663_homer.jpg,0
simpsons_faces/1957_lisa.jpg,3
simpsons_faces/1135_homer.jpg,0
simpsons_faces/778_homer.jpg,0
simpsons_faces/1024_homer.jpg,0
simpsons_faces/1077_homer.jpg,0
simpsons_faces/2176_marge.jpg,1
simpsons_faces/2104_marge.jpg,1
simpsons_faces/2144_marge.jpg,1
simpsons_faces/1368_homer.jpg,0
simpsons_faces/2084_marge.jpg,1
simpsons_faces/165_bart.jpg,2
simpsons_faces/2347_marge.jpg,1
simpsons_faces/2241_marge.jpg,1
simpsons_faces/1337_homer.jpg,0
simpsons_faces/848_homer.jpg,0
simpsons_faces/440_bart.jpg,2
simpsons_faces/49_bart.jpg,2
simpsons_faces/2194_marge.jpg,1
simpsons_faces/2107_marge.jpg,1
simpsons_faces/157_bart.jpg,2
simpsons_faces/640_bart.jpg,2
simpsons_faces/2056_marge.jpg,1
simpsons_faces/366_bart.jpg,2
simpsons_faces/1877_lisa.jpg,3
simpsons_faces/911_homer.jpg,0
simpsons_faces/323_bart.jpg,2
simpsons_faces/135_bart.jpg,2
simpsons_faces/1355_homer.jpg,0
simpsons_faces/2297_marge.jpg,1
simpsons_faces/718_homer.jpg,0
simpsons_faces/332_bart.jpg,2
simpsons_faces/2405_marge.jpg,1
simpsons_faces/360_bart.jpg,2
simpsons_faces/1348_homer.jpg,0
simpsons_faces/353_bart.jpg,2
simpsons_faces/2255_marge.jpg,1
simpsons_faces/2200_marge.jpg,1
simpsons_faces/1632_homer.jpg,0
simpsons_faces/7_bart.jpg,2
simpsons_faces/240_bart.jpg,2
simpsons_faces/1486_homer.jpg,0
simpsons_faces/2124_marge.jpg,1
simpsons_faces/1963_lisa.jpg,3
simpsons_faces/1099_homer.jpg,0
simpsons_faces/1654_homer.jpg,0
simpsons_faces/492_bart.jpg,2
simpsons_faces/765_homer.jpg,0
simpsons_faces/882_homer.jpg,0
simpsons_faces/1278_homer.jpg,0
simpsons_faces/34_bart.jpg,2
simpsons_faces/1475_homer.jpg,0
simpsons_faces/1526_homer.jpg,0
simpsons_faces/2260_marge.jpg,1
simpsons_faces/2076_marge.jpg,1
simpsons_faces/2419_marge.jpg,1
simpsons_faces/1394_homer.jpg,0
simpsons_faces/201_bart.jpg,2
simpsons_faces/1710_lisa.jpg,3
simpsons_faces/1440_homer.jpg,0
simpsons_faces/292_bart.jpg,2
simpsons_faces/368_bart.jpg,2
simpsons_faces/1066_homer.jpg,0
simpsons_faces/644_bart.jpg,2
simpsons_faces/2085_marge.jpg,1
simpsons_faces/2236_marge.jpg,1
simpsons_faces/651_homer.jpg,0
simpsons_faces/1442_homer.jpg,0
simpsons_faces/243_bart.jpg,2
simpsons_faces/1341_homer.jpg,0
simpsons_faces/2000_lisa.jpg,3
simpsons_faces/812_homer.jpg,0
simpsons_faces/1784_lisa.jpg,3
simpsons_faces/1110_homer.jpg,0
simpsons_faces/2013_lisa.jpg,3
simpsons_faces/76_bart.jpg,2
simpsons_faces/1064_homer.jpg,0
simpsons_faces/1366_homer.jpg,0
simpsons_faces/1899_lisa.jpg,3
simpsons_faces/831_homer.jpg,0
simpsons_faces/1989_lisa.jpg,3
simpsons_faces/1778_lisa.jpg,3
simpsons_faces/267_bart.jpg,2
simpsons_faces/1061_homer.jpg,0
simpsons_faces/2128_marge.jpg,1
simpsons_faces/1365_homer.jpg,0
simpsons_faces/1151_homer.jpg,0
simpsons_faces/2450_marge.jpg,1
simpsons_faces/2185_marge.jpg,1
simpsons_faces/910_homer.jpg,0
simpsons_faces/499_bart.jpg,2
simpsons_faces/1532_homer.jpg,0
simpsons_faces/1319_homer.jpg,0
simpsons_faces/1275_homer.jpg,0
simpsons_faces/1122_homer.jpg,0
simpsons_faces/995_homer.jpg,0
simpsons_faces/772_homer.jpg,0
simpsons_faces/27_bart.jpg,2
simpsons_faces/55_bart.jpg,2
simpsons_faces/1616_homer.jpg,0
simpsons_faces/776_homer.jpg,0
simpsons_faces/26_bart.jpg,2
simpsons_faces/1824_lisa.jpg,3
simpsons_faces/1202_homer.jpg,0
simpsons_faces/2403_marge.jpg,1
simpsons_faces/1897_lisa.jpg,3
simpsons_faces/1435_homer.jpg,0
simpsons_faces/670_homer.jpg,0
simpsons_faces/1629_homer.jpg,0
simpsons_faces/1491_homer.jpg,0
simpsons_faces/43_bart.jpg,2
simpsons_faces/2397_marge.jpg,1
simpsons_faces/446_bart.jpg,2
simpsons_faces/2210_marge.jpg,1
simpsons_faces/475_bart.jpg,2
simpsons_faces/2218_marge.jpg,1
simpsons_faces/594_bart.jpg,2
simpsons_faces/377_bart.jpg,2
simpsons_faces/1787_lisa.jpg,3
simpsons_faces/2010_lisa.jpg,3
simpsons_faces/1850_lisa.jpg,3
simpsons_faces/319_bart.jpg,2
simpsons_faces/619_bart.jpg,2
simpsons_faces/208_bart.jpg,2
simpsons_faces/383_bart.jpg,2
simpsons_faces/968_homer.jpg,0
simpsons_faces/298_bart.jpg,2
simpsons_faces/2208_marge.jpg,1
simpsons_faces/808_homer.jpg,0
simpsons_faces/154_bart.jpg,2
simpsons_faces/1392_homer.jpg,0
simpsons_faces/1113_homer.jpg,0
simpsons_faces/183_bart.jpg,2
simpsons_faces/1948_lisa.jpg,3
simpsons_faces/2339_marge.jpg,1
simpsons_faces/763_homer.jpg,0
simpsons_faces/558_bart.jpg,2
simpsons_faces/281_bart.jpg,2
simpsons_faces/601_bart.jpg,2
simpsons_faces/2439_marge.jpg,1
simpsons_faces/797_homer.jpg,0
simpsons_faces/1655_homer.jpg,0
simpsons_faces/1046_homer.jpg,0
simpsons_faces/1571_homer.jpg,0
simpsons_faces/1916_lisa.jpg,3
simpsons_faces/522_bart.jpg,2
simpsons_faces/606_bart.jpg,2
simpsons_faces/1025_homer.jpg,0
simpsons_faces/991_homer.jpg,0
simpsons_faces/687_homer.jpg,0
simpsons_faces/1142_homer.jpg,0
simpsons_faces/805_homer.jpg,0
simpsons_faces/2149_marge.jpg,1
simpsons_faces/1258_homer.jpg,0
simpsons_faces/1613_homer.jpg,0
simpsons_faces/1969_lisa.jpg,3
simpsons_faces/1364_homer.jpg,0
simpsons_faces/87_bart.jpg,2
simpsons_faces/1427_homer.jpg,0
simpsons_faces/511_bart.jpg,2
simpsons_faces/572_bart.jpg,2
simpsons_faces/928_homer.jpg,0
simpsons_faces/1314_homer.jpg,0
simpsons_faces/356_bart.jpg,2
simpsons_faces/1688_lisa.jpg,3
simpsons_faces/992_homer.jpg,0
simpsons_faces/826_homer.jpg,0
simpsons_faces/2091_marge.jpg,1
simpsons_faces/987_homer.jpg,0
simpsons_faces/999_homer.jpg,0
simpsons_faces/1556_homer.jpg,0
simpsons_faces/1575_homer.jpg,0
simpsons_faces/2482_marge.jpg,1
simpsons_faces/605_bart.jpg,2
simpsons_faces/2472_marge.jpg,1
simpsons_faces/401_bart.jpg,2
simpsons_faces/418_bart.jpg,2
simpsons_faces/1843_lisa.jpg,3
simpsons_faces/1234_homer.jpg,0
simpsons_faces/1854_lisa.jpg,3
simpsons_faces/2059_marge.jpg,1
simpsons_faces/237_bart.jpg,2
simpsons_faces/2102_marge.jpg,1
simpsons_faces/1449_homer.jpg,0
simpsons_faces/852_homer.jpg,0
simpsons_faces/1396_homer.jpg,0
simpsons_faces/856_homer.jpg,0
simpsons_faces/162_bart.jpg,2
simpsons_faces/894_homer.jpg,0
simpsons_faces/2053_marge.jpg,1
simpsons_faces/1593_homer.jpg,0
simpsons_faces/11_bart.jpg,2
simpsons_faces/932_homer.jpg,0
simpsons_faces/1048_homer.jpg,0
simpsons_faces/2117_marge.jpg,1
simpsons_faces/92_bart.jpg,2
simpsons_faces/1408_homer.jpg,0
simpsons_faces/394_bart.jpg,2
simpsons_faces/2009_lisa.jpg,3
simpsons_faces/951_homer.jpg,0
simpsons_faces/1108_homer.jpg,0
simpsons_faces/2256_marge.jpg,1
simpsons_faces/1232_homer.jpg,0
simpsons_faces/493_bart.jpg,2
simpsons_faces/924_homer.jpg,0
simpsons_faces/151_bart.jpg,2
simpsons_faces/253_bart.jpg,2
simpsons_faces/159_bart.jpg,2
simpsons_faces/1836_lisa.jpg,3
simpsons_faces/867_homer.jpg,0
simpsons_faces/1261_homer.jpg,0
simpsons_faces/1290_homer.jpg,0
simpsons_faces/221_bart.jpg,2
simpsons_faces/1832_lisa.jpg,3
simpsons_faces/883_homer.jpg,0
simpsons_faces/483_bart.jpg,2
simpsons_faces/2032_lisa.jpg,3
simpsons_faces/2381_marge.jpg,1
simpsons_faces/1175_homer.jpg,0
simpsons_faces/1081_homer.jpg,0
simpsons_faces/931_homer.jpg,0
simpsons_faces/1934_lisa.jpg,3
simpsons_faces/773_homer.jpg,0
simpsons_faces/1874_lisa.jpg,3
simpsons_faces/1979_lisa.jpg,3
simpsons_faces/937_homer.jpg,0
simpsons_faces/583_bart.jpg,2
simpsons_faces/1334_homer.jpg,0
simpsons_faces/2243_marge.jpg,1
simpsons_faces/1243_homer.jpg,0
simpsons_faces/321_bart.jpg,2
simpsons_faces/1758_lisa.jpg,3
simpsons_faces/1296_homer.jpg,0
simpsons_faces/1612_homer.jpg,0
simpsons_faces/2447_marge.jpg,1
simpsons_faces/2163_marge.jpg,1
simpsons_faces/1858_lisa.jpg,3
simpsons_faces/77_bart.jpg,2
simpsons_faces/2132_marge.jpg,1
simpsons_faces/873_homer.jpg,0
simpsons_faces/1999_lisa.jpg,3
simpsons_faces/2127_marge.jpg,1
simpsons_faces/641_bart.jpg,2
simpsons_faces/495_bart.jpg,2
simpsons_faces/930_homer.jpg,0
simpsons_faces/464_bart.jpg,2
simpsons_faces/2008_lisa.jpg,3
simpsons_faces/2025_lisa.jpg,3
simpsons_faces/1109_homer.jpg,0
simpsons_faces/282_bart.jpg,2
simpsons_faces/2175_marge.jpg,1
simpsons_faces/2197_marge.jpg,1
simpsons_faces/1004_homer.jpg,0
simpsons_faces/1888_lisa.jpg,3
simpsons_faces/57_bart.jpg,2
simpsons_faces/1798_lisa.jpg,3
simpsons_faces/1078_homer.jpg,0
simpsons_faces/1503_homer.jpg,0
simpsons_faces/1390_homer.jpg,0
simpsons_faces/1808_lisa.jpg,3
simpsons_faces/1088_homer.jpg,0
simpsons_faces/213_bart.jpg,2
simpsons_faces/2080_marge.jpg,1
simpsons_faces/849_homer.jpg,0
simpsons_faces/2352_marge.jpg,1
simpsons_faces/697_homer.jpg,0
simpsons_faces/2160_marge.jpg,1
simpsons_faces/1027_homer.jpg,0
simpsons_faces/1512_homer.jpg,0
simpsons_faces/2334_marge.jpg,1
simpsons_faces/1139_homer.jpg,0
simpsons_faces/1518_homer.jpg,0
simpsons_faces/37_bart.jpg,2
simpsons_faces/1794_lisa.jpg,3
simpsons_faces/1032_homer.jpg,0
simpsons_faces/1786_lisa.jpg,3
simpsons_faces/2186_marge.jpg,1
simpsons_faces/309_bart.jpg,2
simpsons_faces/1038_homer.jpg,0
simpsons_faces/1146_homer.jpg,0
simpsons_faces/1009_homer.jpg,0
simpsons_faces/1137_homer.jpg,0
simpsons_faces/21_bart.jpg,2
simpsons_faces/629_bart.jpg,2
simpsons_faces/442_bart.jpg,2
simpsons_faces/2321_marge.jpg,1
simpsons_faces/919_homer.jpg,0
simpsons_faces/1640_homer.jpg,0
simpsons_faces/553_bart.jpg,2
simpsons_faces/349_bart.jpg,2
simpsons_faces/1800_lisa.jpg,3
simpsons_faces/2162_marge.jpg,1
simpsons_faces/890_homer.jpg,0
simpsons_faces/2168_marge.jpg,1
simpsons_faces/2485_marge.jpg,1
simpsons_faces/149_bart.jpg,2
simpsons_faces/372_bart.jpg,2
simpsons_faces/473_bart.jpg,2
simpsons_faces/1154_homer.jpg,0
simpsons_faces/1127_homer.jpg,0
simpsons_faces/426_bart.jpg,2
simpsons_faces/294_bart.jpg,2
simpsons_faces/1323_homer.jpg,0
simpsons_faces/739_homer.jpg,0
simpsons_faces/1802_lisa.jpg,3
simpsons_faces/943_homer.jpg,0
simpsons_faces/1909_lisa.jpg,3
simpsons_faces/632_bart.jpg,2
simpsons_faces/1189_homer.jpg,0
simpsons_faces/168_bart.jpg,2
simpsons_faces/1320_homer.jpg,0
simpsons_faces/1259_homer.jpg,0
simpsons_faces/515_bart.jpg,2
simpsons_faces/2092_marge.jpg,1
simpsons_faces/1801_lisa.jpg,3
simpsons_faces/4_bart.jpg,2
simpsons_faces/548_bart.jpg,2
simpsons_faces/2432_marge.jpg,1
simpsons_faces/414_bart.jpg,2
simpsons_faces/1327_homer.jpg,0
simpsons_faces/673_homer.jpg,0
simpsons_faces/2393_marge.jpg,1
simpsons_faces/2037_lisa.jpg,3
simpsons_faces/338_bart.jpg,2
simpsons_faces/1596_homer.jpg,0
simpsons_faces/777_homer.jpg,0
simpsons_faces/1605_homer.jpg,0
simpsons_faces/1224_homer.jpg,0
simpsons_faces/9_bart.jpg,2
simpsons_faces/1265_homer.jpg,0
simpsons_faces/795_homer.jpg,0
simpsons_faces/861_homer.jpg,0
simpsons_faces/2302_marge.jpg,1
simpsons_faces/1270_homer.jpg,0
simpsons_faces/2060_marge.jpg,1
simpsons_faces/1633_homer.jpg,0
simpsons_faces/2358_marge.jpg,1
simpsons_faces/274_bart.jpg,2
simpsons_faces/2386_marge.jpg,1
simpsons_faces/1868_lisa.jpg,3
simpsons_faces/840_homer.jpg,0
simpsons_faces/1614_homer.jpg,0
simpsons_faces/575_bart.jpg,2
simpsons_faces/2136_marge.jpg,1
simpsons_faces/616_bart.jpg,2
simpsons_faces/1681_homer.jpg,0
simpsons_faces/198_bart.jpg,2
simpsons_faces/538_bart.jpg,2
simpsons_faces/431_bart.jpg,2
simpsons_faces/232_bart.jpg,2
simpsons_faces/2077_marge.jpg,1
simpsons_faces/45_bart.jpg,2
simpsons_faces/1241_homer.jpg,0
simpsons_faces/38_bart.jpg,2
simpsons_faces/706_homer.jpg,0
simpsons_faces/974_homer.jpg,0
simpsons_faces/1728_lisa.jpg,3
simpsons_faces/1221_homer.jpg,0
simpsons_faces/63_bart.jpg,2
simpsons_faces/412_bart.jpg,2
simpsons_faces/1253_homer.jpg,0
simpsons_faces/596_bart.jpg,2
simpsons_faces/721_homer.jpg,0
simpsons_faces/2314_marge.jpg,1
simpsons_faces/271_bart.jpg,2
simpsons_faces/229_bart.jpg,2
simpsons_faces/1839_lisa.jpg,3
simpsons_faces/2020_lisa.jpg,3
simpsons_faces/2265_marge.jpg,1
simpsons_faces/2012_lisa.jpg,3
simpsons_faces/675_homer.jpg,0
simpsons_faces/490_bart.jpg,2
simpsons_faces/359_bart.jpg,2
simpsons_faces/2371_marge.jpg,1
simpsons_faces/956_homer.jpg,0
simpsons_faces/1423_homer.jpg,0
simpsons_faces/1958_lisa.jpg,3
simpsons_faces/563_bart.jpg,2
simpsons_faces/342_bart.jpg,2
simpsons_faces/1507_homer.jpg,0
simpsons_faces/2157_marge.jpg,1
simpsons_faces/2398_marge.jpg,1
simpsons_faces/153_bart.jpg,2
simpsons_faces/1939_lisa.jpg,3
simpsons_faces/421_bart.jpg,2
simpsons_faces/1693_lisa.jpg,3
simpsons_faces/252_bart.jpg,2
simpsons_faces/1881_lisa.jpg,3
simpsons_faces/1828_lisa.jpg,3
simpsons_faces/790_homer.jpg,0
simpsons_faces/1041_homer.jpg,0
simpsons_faces/703_homer.jpg,0
simpsons_faces/498_bart.jpg,2
simpsons_faces/84_bart.jpg,2
simpsons_faces/838_homer.jpg,0
simpsons_faces/1998_lisa.jpg,3
simpsons_faces/2274_marge.jpg,1
simpsons_faces/1336_homer.jpg,0
simpsons_faces/1389_homer.jpg,0
simpsons_faces/509_bart.jpg,2
simpsons_faces/858_homer.jpg,0
simpsons_faces/649_homer.jpg,0
simpsons_faces/1020_homer.jpg,0
simpsons_faces/1702_lisa.jpg,3
simpsons_faces/1287_homer.jpg,0
simpsons_faces/188_bart.jpg,2
simpsons_faces/79_bart.jpg,2
simpsons_faces/1792_lisa.jpg,3
simpsons_faces/2299_marge.jpg,1
simpsons_faces/1560_homer.jpg,0
simpsons_faces/2166_marge.jpg,1
simpsons_faces/2235_marge.jpg,1
simpsons_faces/2099_marge.jpg,1
simpsons_faces/1727_lisa.jpg,3
simpsons_faces/427_bart.jpg,2
simpsons_faces/2341_marge.jpg,1
simpsons_faces/2121_marge.jpg,1
simpsons_faces/1541_homer.jpg,0
simpsons_faces/155_bart.jpg,2
simpsons_faces/1346_homer.jpg,0
simpsons_faces/1734_lisa.jpg,3
simpsons_faces/2227_marge.jpg,1
simpsons_faces/90_bart.jpg,2
simpsons_faces/1760_lisa.jpg,3
simpsons_faces/2171_marge.jpg,1
simpsons_faces/1882_lisa.jpg,3
simpsons_faces/190_bart.jpg,2
simpsons_faces/980_homer.jpg,0
simpsons_faces/109_bart.jpg,2
simpsons_faces/160_bart.jpg,2
simpsons_faces/299_bart.jpg,2
simpsons_faces/186_bart.jpg,2
simpsons_faces/1665_homer.jpg,0
simpsons_faces/1624_homer.jpg,0
simpsons_faces/491_bart.jpg,2
simpsons_faces/330_bart.jpg,2
simpsons_faces/2063_marge.jpg,1
simpsons_faces/1380_homer.jpg,0
simpsons_faces/984_homer.jpg,0
simpsons_faces/1618_homer.jpg,0
simpsons_faces/716_homer.jpg,0
simpsons_faces/2219_marge.jpg,1
simpsons_faces/740_homer.jpg,0
simpsons_faces/484_bart.jpg,2
simpsons_faces/333_bart.jpg,2
simpsons_faces/478_bart.jpg,2
simpsons_faces/892_homer.jpg,0
simpsons_faces/2139_marge.jpg,1
simpsons_faces/1695_lisa.jpg,3
simpsons_faces/1918_lisa.jpg,3
simpsons_faces/864_homer.jpg,0
simpsons_faces/1254_homer.jpg,0
simpsons_faces/1630_homer.jpg,0
simpsons_faces/2336_marge.jpg,1
simpsons_faces/2192_marge.jpg,1
simpsons_faces/450_bart.jpg,2
simpsons_faces/199_bart.jpg,2
simpsons_faces/1147_homer.jpg,0
simpsons_faces/361_bart.jpg,2
simpsons_faces/2305_marge.jpg,1
simpsons_faces/295_bart.jpg,2
simpsons_faces/1439_homer.jpg,0
simpsons_faces/1804_lisa.jpg,3
simpsons_faces/1094_homer.jpg,0
simpsons_faces/1304_homer.jpg,0
simpsons_faces/1255_homer.jpg,0
simpsons_faces/1755_lisa.jpg,3
simpsons_faces/683_homer.jpg,0
simpsons_faces/357_bart.jpg,2
simpsons_faces/1079_homer.jpg,0
simpsons_faces/1050_homer.jpg,0
simpsons_faces/725_homer.jpg,0
simpsons_faces/759_homer.jpg,0
simpsons_faces/2050_marge.jpg,1
simpsons_faces/1657_homer.jpg,0
simpsons_faces/1177_homer.jpg,0
simpsons_faces/2303_marge.jpg,1
simpsons_faces/196_bart.jpg,2
simpsons_faces/1199_homer.jpg,0
simpsons_faces/2460_marge.jpg,1
simpsons_faces/1416_homer.jpg,0
simpsons_faces/1328_homer.jpg,0
simpsons_faces/2199_marge.jpg,1
simpsons_faces/1712_lisa.jpg,3
simpsons_faces/597_bart.jpg,2
simpsons_faces/2469_marge.jpg,1
simpsons_faces/1578_homer.jpg,0
simpsons_faces/851_homer.jpg,0
simpsons_faces/260_bart.jpg,2
simpsons_faces/1853_lisa.jpg,3
simpsons_faces/2372_marge.jpg,1
simpsons_faces/929_homer.jpg,0
simpsons_faces/2068_marge.jpg,1
simpsons_faces/1321_homer.jpg,0
simpsons_faces/636_bart.jpg,2
simpsons_faces/1754_lisa.jpg,3
simpsons_faces/1783_lisa.jpg,3
simpsons_faces/255_bart.jpg,2
simpsons_faces/900_homer.jpg,0
simpsons_faces/2276_marge.jpg,1
simpsons_faces/2420_marge.jpg,1
simpsons_faces/1739_lisa.jpg,3
simpsons_faces/2396_marge.jpg,1
simpsons_faces/1524_homer.jpg,0
simpsons_faces/684_homer.jpg,0
simpsons_faces/30_bart.jpg,2
simpsons_faces/2269_marge.jpg,1
simpsons_faces/866_homer.jpg,0
simpsons_faces/125_bart.jpg,2
simpsons_faces/346_bart.jpg,2
simpsons_faces/167_bart.jpg,2
simpsons_faces/385_bart.jpg,2
simpsons_faces/1672_homer.jpg,0
simpsons_faces/2070_marge.jpg,1
simpsons_faces/2177_marge.jpg,1
simpsons_faces/1274_homer.jpg,0
simpsons_faces/902_homer.jpg,0
simpsons_faces/1638_homer.jpg,0
simpsons_faces/1331_homer.jpg,0
simpsons_faces/955_homer.jpg,0
simpsons_faces/250_bart.jpg,2
simpsons_faces/1309_homer.jpg,0
simpsons_faces/449_bart.jpg,2
simpsons_faces/1284_homer.jpg,0
simpsons_faces/1049_homer.jpg,0
simpsons_faces/1413_homer.jpg,0
simpsons_faces/1797_lisa.jpg,3
simpsons_faces/0_bart.jpg,2
simpsons_faces/1473_homer.jpg,0
simpsons_faces/1966_lisa.jpg,3
simpsons_faces/707_homer.jpg,0
simpsons_faces/1988_lisa.jpg,3
simpsons_faces/1945_lisa.jpg,3
simpsons_faces/1089_homer.jpg,0
simpsons_faces/2319_marge.jpg,1
simpsons_faces/2374_marge.jpg,1
simpsons_faces/1609_homer.jpg,0
simpsons_faces/2457_marge.jpg,1
simpsons_faces/2443_marge.jpg,1
simpsons_faces/1563_homer.jpg,0
simpsons_faces/268_bart.jpg,2
simpsons_faces/713_homer.jpg,0
simpsons_faces/1060_homer.jpg,0
simpsons_faces/2442_marge.jpg,1
simpsons_faces/1610_homer.jpg,0
simpsons_faces/451_bart.jpg,2
simpsons_faces/816_homer.jpg,0
simpsons_faces/1138_homer.jpg,0
simpsons_faces/2399_marge.jpg,1
simpsons_faces/1604_homer.jpg,0
simpsons_faces/1813_lisa.jpg,3
simpsons_faces/1311_homer.jpg,0
simpsons_faces/1326_homer.jpg,0
simpsons_faces/1985_lisa.jpg,3
simpsons_faces/788_homer.jpg,0
simpsons_faces/502_bart.jpg,2
simpsons_faces/2389_marge.jpg,1
simpsons_faces/2142_marge.jpg,1
simpsons_faces/1855_lisa.jpg,3
simpsons_faces/192_bart.jpg,2
simpsons_faces/1183_homer.jpg,0
simpsons_faces/1944_lisa.jpg,3
simpsons_faces/1256_homer.jpg,0
simpsons_faces/374_bart.jpg,2
simpsons_faces/1125_homer.jpg,0
simpsons_faces/544_bart.jpg,2
simpsons_faces/686_homer.jpg,0
simpsons_faces/2332_marge.jpg,1
simpsons_faces/1644_homer.jpg,0
simpsons_faces/114_bart.jpg,2
simpsons_faces/1485_homer.jpg,0
simpsons_faces/982_homer.jpg,0
simpsons_faces/505_bart.jpg,2
simpsons_faces/46_bart.jpg,2
simpsons_faces/1653_homer.jpg,0
simpsons_faces/1218_homer.jpg,0
simpsons_faces/191_bart.jpg,2
simpsons_faces/2288_marge.jpg,1
simpsons_faces/753_homer.jpg,0
simpsons_faces/1073_homer.jpg,0
simpsons_faces/334_bart.jpg,2
simpsons_faces/2258_marge.jpg,1
simpsons_faces/1568_homer.jpg,0
simpsons_faces/832_homer.jpg,0
simpsons_faces/2481_marge.jpg,1
simpsons_faces/245_bart.jpg,2
simpsons_faces/1330_homer.jpg,0
simpsons_faces/1383_homer.jpg,0
simpsons_faces/2046_marge.jpg,1
simpsons_faces/389_bart.jpg,2
simpsons_faces/172_bart.jpg,2
simpsons_faces/31_bart.jpg,2
simpsons_faces/1662_homer.jpg,0
simpsons_faces/1713_lisa.jpg,3
simpsons_faces/2337_marge.jpg,1
simpsons_faces/1871_lisa.jpg,3
simpsons_faces/933_homer.jpg,0
simpsons_faces/1865_lisa.jpg,3
simpsons_faces/833_homer.jpg,0
simpsons_faces/1546_homer.jpg,0
simpsons_faces/75_bart.jpg,2
simpsons_faces/112_bart.jpg,2
simpsons_faces/2156_marge.jpg,1
simpsons_faces/2308_marge.jpg,1
simpsons_faces/8_bart.jpg,2
simpsons_faces/1694_lisa.jpg,3
simpsons_faces/230_bart.jpg,2
simpsons_faces/877_homer.jpg,0
simpsons_faces/570_bart.jpg,2
simpsons_faces/2379_marge.jpg,1
simpsons_faces/2146_marge.jpg,1
simpsons_faces/1434_homer.jpg,0
simpsons_faces/846_homer.jpg,0
simpsons_faces/1967_lisa.jpg,3
simpsons_faces/1115_homer.jpg,0
simpsons_faces/1242_homer.jpg,0
simpsons_faces/881_homer.jpg,0
simpsons_faces/1444_homer.jpg,0
simpsons_faces/1329_homer.jpg,0
simpsons_faces/197_bart.jpg,2
simpsons_faces/301_bart.jpg,2
simpsons_faces/2247_marge.jpg,1
simpsons_faces/1643_homer.jpg,0
simpsons_faces/1157_homer.jpg,0
simpsons_faces/1273_homer.jpg,0
simpsons_faces/325_bart.jpg,2
simpsons_faces/618_bart.jpg,2
simpsons_faces/194_bart.jpg,2
simpsons_faces/1972_lisa.jpg,3
simpsons_faces/219_bart.jpg,2
simpsons_faces/1417_homer.jpg,0
simpsons_faces/1539_homer.jpg,0
simpsons_faces/18_bart.jpg,2
simpsons_faces/2150_marge.jpg,1
simpsons_faces/288_bart.jpg,2
simpsons_faces/1827_lisa.jpg,3
simpsons_faces/633_bart.jpg,2
simpsons_faces/1574_homer.jpg,0
simpsons_faces/760_homer.jpg,0
simpsons_faces/405_bart.jpg,2
simpsons_faces/2110_marge.jpg,1
simpsons_faces/150_bart.jpg,2
simpsons_faces/1893_lisa.jpg,3
simpsons_faces/662_homer.jpg,0
simpsons_faces/101_bart.jpg,2
simpsons_faces/2262_marge.jpg,1
simpsons_faces/527_bart.jpg,2
simpsons_faces/2240_marge.jpg,1
simpsons_faces/1751_lisa.jpg,3
simpsons_faces/1420_homer.jpg,0
simpsons_faces/1247_homer.jpg,0
simpsons_faces/388_bart.jpg,2
simpsons_faces/2360_marge.jpg,1
simpsons_faces/552_bart.jpg,2
simpsons_faces/959_homer.jpg,0
simpsons_faces/1974_lisa.jpg,3
simpsons_faces/393_bart.jpg,2
simpsons_faces/1095_homer.jpg,0
simpsons_faces/1263_homer.jpg,0
simpsons_faces/726_homer.jpg,0
simpsons_faces/105_bart.jpg,2
simpsons_faces/1260_homer.jpg,0
simpsons_faces/1487_homer.jpg,0
simpsons_faces/944_homer.jpg,0
simpsons_faces/1251_homer.jpg,0
simpsons_faces/592_bart.jpg,2
simpsons_faces/678_homer.jpg,0
simpsons_faces/78_bart.jpg,2
simpsons_faces/691_homer.jpg,0
simpsons_faces/1371_homer.jpg,0
simpsons_faces/1136_homer.jpg,0
simpsons_faces/60_bart.jpg,2
simpsons_faces/2417_marge.jpg,1
simpsons_faces/1747_lisa.jpg,3
simpsons_faces/1126_homer.jpg,0
simpsons_faces/2183_marge.jpg,1
simpsons_faces/328_bart.jpg,2
simpsons_faces/1551_homer.jpg,0
simpsons_faces/1499_homer.jpg,0
simpsons_faces/2011_lisa.jpg,3
simpsons_faces/2333_marge.jpg,1
simpsons_faces/841_homer.jpg,0
simpsons_faces/1014_homer.jpg,0
simpsons_faces/392_bart.jpg,2
simpsons_faces/289_bart.jpg,2
simpsons_faces/2317_marge.jpg,1
simpsons_faces/1510_homer.jpg,0
simpsons_faces/400_bart.jpg,2
simpsons_faces/1286_homer.jpg,0
simpsons_faces/1947_lisa.jpg,3
simpsons_faces/1280_homer.jpg,0
simpsons_faces/1387_homer.jpg,0
simpsons_faces/1461_homer.jpg,0
simpsons_faces/106_bart.jpg,2
simpsons_faces/304_bart.jpg,2
simpsons_faces/728_homer.jpg,0
simpsons_faces/1187_homer.jpg,0
simpsons_faces/1636_homer.jpg,0
simpsons_faces/989_homer.jpg,0
simpsons_faces/2310_marge.jpg,1
simpsons_faces/1602_homer.jpg,0
simpsons_faces/2480_marge.jpg,1
simpsons_faces/1316_homer.jpg,0
simpsons_faces/6_bart.jpg,2
simpsons_faces/821_homer.jpg,0
simpsons_faces/311_bart.jpg,2
simpsons_faces/2461_marge.jpg,1
simpsons_faces/1213_homer.jpg,0
simpsons_faces/93_bart.jpg,2
simpsons_faces/1511_homer.jpg,0
simpsons_faces/1589_homer.jpg,0
simpsons_faces/1879_lisa.jpg,3
simpsons_faces/591_bart.jpg,2
simpsons_faces/2140_marge.jpg,1
simpsons_faces/2272_marge.jpg,1
simpsons_faces/2153_marge.jpg,1
simpsons_faces/1729_lisa.jpg,3
simpsons_faces/608_bart.jpg,2
simpsons_faces/994_homer.jpg,0
simpsons_faces/2298_marge.jpg,1
simpsons_faces/1659_homer.jpg,0
simpsons_faces/1835_lisa.jpg,3
simpsons_faces/1737_lisa.jpg,3
simpsons_faces/736_homer.jpg,0
simpsons_faces/2414_marge.jpg,1
simpsons_faces/2034_lisa.jpg,3
simpsons_faces/2230_marge.jpg,1
simpsons_faces/623_bart.jpg,2
simpsons_faces/1496_homer.jpg,0
simpsons_faces/1675_homer.jpg,0
simpsons_faces/752_homer.jpg,0
simpsons_faces/612_bart.jpg,2
simpsons_faces/1362_homer.jpg,0
simpsons_faces/609_bart.jpg,2
simpsons_faces/2370_marge.jpg,1
simpsons_faces/343_bart.jpg,2
simpsons_faces/1549_homer.jpg,0
simpsons_faces/113_bart.jpg,2
simpsons_faces/1615_homer.jpg,0
simpsons_faces/923_homer.jpg,0
simpsons_faces/2466_marge.jpg,1
simpsons_faces/1206_homer.jpg,0
simpsons_faces/1847_lisa.jpg,3
simpsons_faces/1919_lisa.jpg,3
simpsons_faces/2388_marge.jpg,1
simpsons_faces/276_bart.jpg,2
simpsons_faces/1641_homer.jpg,0
simpsons_faces/350_bart.jpg,2
simpsons_faces/206_bart.jpg,2
simpsons_faces/2071_marge.jpg,1
simpsons_faces/1586_homer.jpg,0
simpsons_faces/1528_homer.jpg,0
simpsons_faces/710_homer.jpg,0
simpsons_faces/2273_marge.jpg,1
simpsons_faces/1107_homer.jpg,0
simpsons_faces/306_bart.jpg,2
simpsons_faces/2328_marge.jpg,1
simpsons_faces/2141_marge.jpg,1
simpsons_faces/2072_marge.jpg,1
simpsons_faces/2021_lisa.jpg,3
simpsons_faces/2479_marge.jpg,1
simpsons_faces/2425_marge.jpg,1
simpsons_faces/110_bart.jpg,2
simpsons_faces/1443_homer.jpg,0
simpsons_faces/307_bart.jpg,2
simpsons_faces/1701_lisa.jpg,3
simpsons_faces/32_bart.jpg,2
simpsons_faces/1227_homer.jpg,0
simpsons_faces/2465_marge.jpg,1
simpsons_faces/1201_homer.jpg,0
simpsons_faces/2424_marge.jpg,1
simpsons_faces/40_bart.jpg,2
simpsons_faces/2026_lisa.jpg,3
simpsons_faces/1639_homer.jpg,0
simpsons_faces/1647_homer.jpg,0
simpsons_faces/685_homer.jpg,0
simpsons_faces/2249_marge.jpg,1
simpsons_faces/212_bart.jpg,2
simpsons_faces/1779_lisa.jpg,3
simpsons_faces/107_bart.jpg,2
simpsons_faces/876_homer.jpg,0
simpsons_faces/1055_homer.jpg,0
simpsons_faces/1900_lisa.jpg,3
simpsons_faces/2486_marge.jpg,1
simpsons_faces/733_homer.jpg,0
simpsons_faces/2356_marge.jpg,1
simpsons_faces/1462_homer.jpg,0
simpsons_faces/1658_homer.jpg,0
simpsons_faces/2348_marge.jpg,1
simpsons_faces/437_bart.jpg,2
simpsons_faces/742_homer.jpg,0
simpsons_faces/510_bart.jpg,2
simpsons_faces/2044_marge.jpg,1
simpsons_faces/1497_homer.jpg,0
simpsons_faces/1033_homer.jpg,0
simpsons_faces/16_bart.jpg,2
simpsons_faces/630_bart.jpg,2
simpsons_faces/1935_lisa.jpg,3
simpsons_faces/364_bart.jpg,2
simpsons_faces/257_bart.jpg,2
simpsons_faces/2300_marge.jpg,1
simpsons_faces/524_bart.jpg,2
simpsons_faces/689_homer.jpg,0
simpsons_faces/428_bart.jpg,2
simpsons_faces/2286_marge.jpg,1
simpsons_faces/2119_marge.jpg,1
simpsons_faces/2244_marge.jpg,1
simpsons_faces/1006_homer.jpg,0
simpsons_faces/413_bart.jpg,2
simpsons_faces/1508_homer.jpg,0
simpsons_faces/696_homer.jpg,0
simpsons_faces/1421_homer.jpg,0
simpsons_faces/146_bart.jpg,2
simpsons_faces/1790_lisa.jpg,3
simpsons_faces/2422_marge.jpg,1
simpsons_faces/489_bart.jpg,2
simpsons_faces/148_bart.jpg,2
simpsons_faces/1144_homer.jpg,0
simpsons_faces/91_bart.jpg,2
simpsons_faces/1456_homer.jpg,0
simpsons_faces/615_bart.jpg,2
simpsons_faces/1007_homer.jpg,0
simpsons_faces/396_bart.jpg,2
simpsons_faces/373_bart.jpg,2
simpsons_faces/1056_homer.jpg,0
simpsons_faces/2373_marge.jpg,1
simpsons_faces/2395_marge.jpg,1
simpsons_faces/22_bart.jpg,2
simpsons_faces/690_homer.jpg,0
simpsons_faces/748_homer.jpg,0
simpsons_faces/121_bart.jpg,2
simpsons_faces/879_homer.jpg,0
simpsons_faces/836_homer.jpg,0
simpsons_faces/1472_homer.jpg,0
simpsons_faces/1991_lisa.jpg,3
simpsons_faces/1656_homer.jpg,0
simpsons_faces/2231_marge.jpg,1
simpsons_faces/1803_lisa.jpg,3
simpsons_faces/1272_homer.jpg,0
simpsons_faces/1522_homer.jpg,0
simpsons_faces/501_bart.jpg,2
simpsons_faces/631_bart.jpg,2
simpsons_faces/1509_homer.jpg,0
simpsons_faces/1501_homer.jpg,0
simpsons_faces/39_bart.jpg,2
simpsons_faces/637_bart.jpg,2
simpsons_faces/903_homer.jpg,0
simpsons_faces/1913_lisa.jpg,3
simpsons_faces/727_homer.jpg,0
simpsons_faces/2382_marge.jpg,1
simpsons_faces/729_homer.jpg,0
simpsons_faces/1976_lisa.jpg,3
simpsons_faces/2301_marge.jpg,1
simpsons_faces/1942_lisa.jpg,3
simpsons_faces/1369_homer.jpg,0
simpsons_faces/156_bart.jpg,2
simpsons_faces/2052_marge.jpg,1
simpsons_faces/794_homer.jpg,0
simpsons_faces/2184_marge.jpg,1
simpsons_faces/2083_marge.jpg,1
simpsons_faces/1515_homer.jpg,0
simpsons_faces/898_homer.jpg,0
simpsons_faces/2180_marge.jpg,1
simpsons_faces/2290_marge.jpg,1
simpsons_faces/145_bart.jpg,2
simpsons_faces/1953_lisa.jpg,3
simpsons_faces/1564_homer.jpg,0
simpsons_faces/1651_homer.jpg,0
simpsons_faces/2458_marge.jpg,1
simpsons_faces/669_homer.jpg,0
simpsons_faces/1357_homer.jpg,0
simpsons_faces/2198_marge.jpg,1
simpsons_faces/1930_lisa.jpg,3
simpsons_faces/828_homer.jpg,0
simpsons_faces/286_bart.jpg,2
simpsons_faces/1391_homer.jpg,0
simpsons_faces/500_bart.jpg,2
simpsons_faces/1964_lisa.jpg,3
simpsons_faces/1547_homer.jpg,0
simpsons_faces/2346_marge.jpg,1
simpsons_faces/337_bart.jpg,2
simpsons_faces/1770_lisa.jpg,3
simpsons_faces/1814_lisa.jpg,3
simpsons_faces/755_homer.jpg,0
simpsons_faces/1520_homer.jpg,0
simpsons_faces/2380_marge.jpg,1
simpsons_faces/680_homer.jpg,0
simpsons_faces/336_bart.jpg,2
simpsons_faces/2470_marge.jpg,1
simpsons_faces/2202_marge.jpg,1
simpsons_faces/1628_homer.jpg,0
simpsons_faces/1_bart.jpg,2
simpsons_faces/1619_homer.jpg,0
simpsons_faces/318_bart.jpg,2
simpsons_faces/854_homer.jpg,0
simpsons_faces/1745_lisa.jpg,3
simpsons_faces/1116_homer.jpg,0
simpsons_faces/139_bart.jpg,2
simpsons_faces/2250_marge.jpg,1
simpsons_faces/945_homer.jpg,0
simpsons_faces/1590_homer.jpg,0
simpsons_faces/1021_homer.jpg,0
simpsons_faces/845_homer.jpg,0
simpsons_faces/218_bart.jpg,2
simpsons_faces/555_bart.jpg,2
